feature,count,missing_count,missing_pct,mean,std,min,p25,median_p50,p75,p95,max,skewness,kurtosis,sum
AMT_ANNUITY,307499,12,0.003902299429939092,27108.573909183444,14493.737315118335,1615.5,16524.0,24903.0,34596.0,53325.0,258025.5,1.5797773638612502,7.707319914804307,8335859368.5
AMT_CREDIT,307511,0,0.0,599025.9997057016,402490.7769958549,45000.0,270000.0,513531.0,808650.0,1350000.0,4050000.0,1.2347784971349396,1.934041300832492,184207084195.5
AMT_GOODS_PRICE,307233,278,0.09040327012692229,538396.2074288895,369446.46054005757,40500.0,238500.0,450000.0,679500.0,1305000.0,4050000.0,1.349000341474745,2.4319164792167,165413081997.0
AMT_INCOME_TOTAL,307511,0,0.0,168797.9192969845,237123.1462788562,25650.0,112500.0,147150.0,202500.0,337500.0,117000000.0,391.55965410418776,191786.55438080418,51907216960.935
AMT_REQ_CREDIT_BUREAU_DAY,265992,41519,13.501630835970097,0.0070002105326475985,0.11075740632435452,0.0,0.0,0.0,0.0,0.0,9.0,27.043504708921247,1151.8675941767497,1862.0
AMT_REQ_CREDIT_BUREAU_HOUR,265992,41519,13.501630835970097,0.006402448193930645,0.08384912844747723,0.0,0.0,0.0,0.0,0.0,4.0,14.534062061826713,254.24361965653017,1703.0
AMT_REQ_CREDIT_BUREAU_MON,265992,41519,13.501630835970097,0.26739526000781977,0.9160023961526176,0.0,0.0,0.0,0.0,1.0,27.0,7.804848087437465,90.43485720349301,71125.0
AMT_REQ_CREDIT_BUREAU_QRT,265992,41519,13.501630835970097,0.26547414959848414,0.7940556483207578,0.0,0.0,0.0,0.0,2.0,261.0,134.3657760491255,43707.46475219692,70614.0
AMT_REQ_CREDIT_BUREAU_WEEK,265992,41519,13.501630835970097,0.0343619356973142,0.2046848758128245,0.0,0.0,0.0,0.0,0.0,8.0,9.293572551814961,166.75223002011415,9140.0
AMT_REQ_CREDIT_BUREAU_YEAR,265992,41519,13.501630835970097,1.899974435321363,1.869294998181557,0.0,0.0,1.0,3.0,6.0,25.0,1.2435900041416597,1.9690340369684067,505378.0
APARTMENTS_AVG,151450,156061,50.74972927797705,0.11744049917464508,0.10824029130032231,0.0,0.0577,0.0876,0.1485,0.3268,1.0,2.6418357858312778,11.39376678947599,17786.363599999997
APARTMENTS_MEDI,151450,156061,50.74972927797705,0.11784992076592933,0.10907590600115313,0.0,0.0583,0.0864,0.1489,0.33,1.0,2.639255506647989,11.242189573046485,17848.370499999997
APARTMENTS_MODE,151450,156061,50.74972927797705,0.11423100693298119,0.10793603908753287,0.0,0.0525,0.084,0.1439,0.3193,1.0,2.703051653589444,11.74605562545113,17300.286
APP_AGE_YEARS,307511,0,0.0,43.906899566990106,11.947949710569638,20.503764544832308,33.98494182067078,43.1211498973306,53.88637919233402,63.52908966461328,69.07323750855578,0.11567331170166231,-1.0491257699460348,13501854.592744695
APP_ANNUITY_INCOME_RATIO,307499,12,0.003902299429939092,0.1809300109358666,0.09457380109083657,0.0002238846153846,0.1147818181818181,0.1628333333333333,0.2290666666666666,0.3546666666666667,1.8759649122807016,1.512003970298892,5.4515051520102755,55635.79743276805
APP_CHILDREN_RATIO,307509,2,0.0006503832383231819,0.12550249416609424,0.19957832971127767,0.0,0.0,0.0,0.3333333333333333,0.5,0.95,1.1378606832158447,-0.30495907950750656,38593.14647852148
APP_CREDIT_INCOME_RATIO,307511,0,0.0,3.957570238062716,2.6897281854524793,0.0048076153846153,2.018666666666667,3.265066666666667,5.15988,9.156738636363634,84.73684210526316,1.8359563217840718,8.371772179921315,1216996.3814769038
APP_EMPLOYED_YEARS,252137,55374,18.00716071945394,6.527499862048478,6.4020812102386575,-0.0,2.099931553730322,4.511978097193703,8.692676249144421,19.96167008898015,49.0403832991102,1.9683155310704767,4.752651548074541,1645824.232717317
APP_GOODS_CREDIT_RATIO,307233,278,0.09040327012692229,0.9006892906928781,0.09663036374711556,0.1666666666666666,0.8347245409015025,0.8938148015731141,1.0,1.0,6.666666666666667,2.666887216112579,120.16407399277762,276721.472847445
APP_ID_PUBLISH_YEARS,307511,0,0.0,8.197679324431038,4.132650017804307,0.0,4.709103353867215,8.908966461327857,11.770020533880905,13.535934291581109,19.704312114989733,-0.34932749320299716,-1.1068078939970987,2520876.566735113
APP_INCOME_PER_PERSON,307509,2,0.0006503832383231819,93105.8796453531,101373.36339391574,2812.5,47250.0,75000.0,112500.0,225000.0,39000000.0,187.36730878221803,70684.16521351172,28630895943.862885
APP_LAST_PHONE_CHANGE_YEARS,307510,1,0.00032519161916159093,2.6361636915320648,2.2636782670517634,-0.0,0.7501711156741958,2.0725530458590007,4.298425735797399,6.90485968514716,11.75085557837098,0.7136056678591626,-0.3085799413944885,810646.6967830253
APP_OWN_CAR_AGE_MISSING_FLAG,307511,0,0.0,0.6599081008484249,0.4737405715273083,0.0,0.0,1.0,1.0,1.0,1.0,-0.6750916027949097,-1.5442613714952158,202929.0
APP_PROPERTY_ANY_MISSING_FLAG,307511,0,0.0,0.7444026392551811,0.4361971671854253,0.0,0.0,1.0,1.0,1.0,1.0,-1.1206135537117052,-0.7442301036277716,228912.0
APP_PROPERTY_MISSING_COUNT,307511,0,0.0,10.350094793356986,7.9340292117856555,0.0,0.0,12.0,18.0,18.0,18.0,-0.24017540311271218,-1.736006163677401,3182768.0
APP_PROPERTY_MISSING_RATIO,307511,0,0.0,0.5750052662976103,0.4407794006547586,0.0,0.0,0.6666666666666666,1.0,1.0,1.0,-0.24017540311271204,-1.7360061636774007,176820.44444444444
APP_REGISTRATION_YEARS,307511,0,0.0,13.651253463486432,9.645137086825658,-0.0,5.503080082135524,12.331279945242985,20.477754962354553,31.255304585900067,67.5482546201232,0.5908716157350025,-0.3213466019399358,4197910.603810176
BASEMENTAREA_AVG,127568,179943,58.51595552679416,0.08844221905179983,0.08243815873568511,0.0,0.0442,0.0763,0.1122,0.2237,1.0,3.5663061258664546,25.93012027277878,11282.397
BASEMENTAREA_MEDI,127568,179943,58.51595552679416,0.08795485466574689,0.08217874951463416,0.0,0.0437,0.0758,0.1116,0.2231,1.0,3.5530395271669417,25.82976082546161,11220.2249
BASEMENTAREA_MODE,127568,179943,58.51595552679416,0.08754321224758561,0.08430717486924559,0.0,0.0407,0.0746,0.1124,0.2277,1.0,3.4815328531579337,24.431186343864308,11167.712500000001
BB_BAD_STATUS_MONTH_COUNT,307511,0,0.0,0.13179365941380958,2.817279605754463,0.0,0.0,0.0,0.0,0.0,346.0,43.83413233674927,2974.3942094259073,40528.0
BB_BAD_STATUS_MONTH_RATE,92231,215280,70.0072517731073,0.002622852722414959,0.029415485877594086,0.0,0.0,0.0,0.0,0.0,1.0,17.3430956371439,364.8900323625899,241.9083294410541
BB_MAX_STATUS,92231,215280,70.0072517731073,0.49484446661100934,0.94704925619304,0.0,0.0,0.0,1.0,2.0,5.0,3.031723718629464,10.770711090104028,45640.0
BB_MONTHS_BALANCE_MAX,92231,215280,70.0072517731073,-0.9277141091390096,5.987158789207674,-92.0,0.0,0.0,0.0,0.0,0.0,-8.668126494352373,85.76023035920818,-85564.0
BB_MONTHS_BALANCE_MIN,92231,215280,70.0072517731073,-56.48894623282844,27.856323590292497,-96.0,-83.0,-57.0,-34.0,-9.0,0.0,0.25031276805613545,-1.2109104987792367,-5210032.0
BB_MONTH_COUNT,307511,0,0.0,47.80841010565476,113.73534690215818,0.0,0.0,0.0,29.0,285.0,2657.0,3.6400044458118606,18.461812319122018,14701612.0
BB_OVERDUE_MONTH_COUNT,307511,0,0.0,0.7196945800312834,4.727722083420482,0.0,0.0,0.0,0.0,3.0,396.0,20.462919255559765,802.8675791035076,221314.0
BB_OVERDUE_MONTH_RATE,92231,215280,70.0072517731073,0.01780140594436967,0.056070633587781554,0.0,0.0,0.0,0.0098522167487684,0.0923076923076923,1.0,6.93247055410135,68.37829580126916,1641.841471655159
BUREAU_ACTIVE_COUNT,307511,0,0.0,1.762275170644302,1.804891299543025,0.0,0.0,1.0,3.0,5.0,32.0,1.4482117791418772,3.3823718988405718,541919.0
BUREAU_ACTIVE_RATE,263491,44020,14.314935075493235,0.4129718863197884,0.308404377345084,0.0,0.2,0.375,0.6,1.0,1.0,0.47715903398465875,-0.6151907621685697,108814.37529828736
BUREAU_AMT_CREDIT_SUM_MAX,307511,0,0.0,836286.6146167454,1962377.2420180698,0.0,99331.6725,324000.0,900000.0,3150000.0,396000000.0,40.94150063388937,6066.263331415973,257167333147.41
BUREAU_AMT_CREDIT_SUM_MEAN,307511,0,0.0,323957.0360278919,835940.3724658655,0.0,67055.31937499999,158730.75,344459.1375,1116000.0,198072344.25,70.5031931675036,13361.520133301012,99620352105.97307
BUREAU_AMT_CREDIT_SUM_SUM,307511,0,0.0,1675834.1430586125,3858106.1081710095,0.0,153949.5,711000.0,1970993.25,6428894.175,1017957917.385,78.33505739838813,17196.51178308704,515337433166.097
BUREAU_AMT_DEBT_MEAN,256131,51380,16.708345392522546,160390.07697277027,526650.0790171248,-1083614.67,0.0,44208.035,142136.25,609958.35,43650000.0,19.609156878248704,852.6628187419855,41080870805.112625
BUREAU_AMT_DEBT_SUM,307511,0,0.0,548941.58833604,1529047.3370801236,-6981558.210000001,0.0,87583.5,534856.5,2387406.8025,334498331.20500004,40.84954077064945,7522.749676109852,168805576770.80402
BUREAU_AMT_OVERDUE_MAX,263491,44020,14.314935075493235,184.97019262517506,14388.240178809754,0.0,0.0,0.0,0.0,0.0,3756681.0,178.41957090238594,39602.4630833614,48737981.025
BUREAU_AMT_OVERDUE_SUM,307511,0,0.0,191.10711979408867,15271.025150478996,0.0,0.0,0.0,0.0,0.0,3756681.0,164.83276394742177,32899.028545571804,58767541.515
BUREAU_BAD_DEBT_COUNT,307511,0,0.0,6.503832383231819e-05,0.008064384994211388,0.0,0.0,0.0,0.0,0.0,1.0,123.98669298387009,15370.80000618326,20.0
BUREAU_CLOSED_COUNT,307511,0,0.0,2.9843908022802434,3.3595287181673896,0.0,0.0,2.0,4.0,10.0,108.0,2.186412143088367,11.990832584824318,917733.0
BUREAU_CREDIT_DAY_OVERDUE_MAX,263491,44020,14.314935075493235,4.772758841857976,89.14127391336616,0.0,0.0,0.0,0.0,0.0,2792.0,23.039512066244598,570.0889591455157,1257579.0
BUREAU_CREDIT_DAY_OVERDUE_MEAN,263491,44020,14.314935075493235,1.0358630970436553,25.825412292572874,0.0,0.0,0.0,0.0,0.0,2776.0,52.96372916023685,4026.9061574932957,272940.6033031298
BUREAU_CREDIT_PROLONG_SUM,307511,0,0.0,0.03468168618358368,0.2292341036086618,0.0,0.0,0.0,0.0,0.0,9.0,9.096949500045792,121.5496371536013,10665.0
BUREAU_DAYS_CREDIT_OLDEST,263491,44020,14.314935075493235,-1762.3748818745232,863.8621809632908,-2922.0,-2583.0,-1827.0,-1035.0,-295.0,0.0,0.3048242089576239,-1.2323289846612397,-464369920.0
BUREAU_DAYS_CREDIT_RECENT,263491,44020,14.314935075493235,-489.2978166237177,537.5741451613144,-2922.0,-620.0,-300.0,-143.0,-39.0,0.0,-2.141211313726123,4.857973006391384,-128925571.0
BUREAU_DEBT_CREDIT_RATIO_MAX,254877,52634,17.116135682951178,2.769627444332881,399.0097018736148,-1.6200788666666668,0.0,0.7607871958477582,0.952030574292722,1.01576002,139396.0,308.9273487818397,102268.55277970692,705914.3341292317
BUREAU_DEBT_CREDIT_RATIO_MEAN,254877,52634,17.116135682951178,0.4299125782488399,25.795088731908557,-155.213164951038,0.0,0.188208194730439,0.3758576498073733,0.8324130357251524,7744.318080601625,232.31083978699405,59869.62667815916,109574.82820632956
BUREAU_DEBT_TO_CREDIT_SUM_RATIO,307511,0,0.0,0.24088361545433246,0.42872828631176624,-175.28923076923076,0.0,0.1200456570155902,0.43081142758768814,0.8297189738075605,7.7891,-222.79987860575147,91373.7565479358,74074.36147197723
BUREAU_ENDDATE_FUTURE_COUNT,307511,0,0.0,1.669439467206051,1.8559723373217052,0.0,0.0,1.0,3.0,5.0,30.0,1.7191079954296693,4.959916183591469,513371.0
BUREAU_LOAN_COUNT,307511,0,0.0,4.765114093479583,4.496198948568977,0.0,1.0,4.0,7.0,13.0,116.0,1.7084319817272922,6.394907914041547,1465325.0
BUREAU_OVERDUE_LOAN_COUNT,307511,0,0.0,0.012741007638751134,0.12514608201127916,0.0,0.0,0.0,0.0,0.0,8.0,13.331921857438964,294.19002128422426,3918.0
BUREAU_OVERDUE_RATE,263491,44020,14.314935075493235,0.0031406310163506687,0.03610542547916468,0.0,0.0,0.0,0.0,0.0,1.0,18.03195577408632,409.54808216129135,827.5280071292541
CC_ACTIVE_MONTH_COUNT,307511,0,0.0,10.135159392672133,23.72139388581118,0.0,0.0,0.0,6.0,82.0,178.0,2.641687297114697,5.838793419839104,3116673.0
CC_AMT_BALANCE_MAX,86905,220606,71.73922233676193,144501.30662948047,172808.97920844323,0.0,0.0,97424.325,195182.46,473417.41500000004,1354829.265,1.8132184448457673,3.9032206520788484,12557886052.635
CC_AMT_BALANCE_MEAN,86905,220606,71.73922233676193,71459.92695171312,109056.51822604671,-2930.232558139535,0.0,26793.606315789475,98610.5025,295966.5220714287,928686.3235714288,2.5960318045164836,8.730190878533936,6210224951.738628
CC_AMT_BALANCE_SUM,307511,0,0.0,620096.8742995698,1998104.121856956,-126000.0,0.0,0.0,0.0,4497766.875,29980484.415000003,4.508449821922312,24.133307808084048,190686609912.735
CC_COMPLETED_MONTH_COUNT,307511,0,0.0,0.3252924285635311,2.4582082477426153,0.0,0.0,0.0,0.0,0.0,45.0,9.524860440977228,96.0269670361768,100031.0
CC_CREDIT_LIMIT_MAX,86905,220606,71.73922233676193,249709.1191530982,202159.57247390485,0.0,112500.0,180000.0,315000.0,765000.0,1350000.0,1.5576704638697747,2.090949243291481,21700971000.0
CC_CREDIT_LIMIT_MEAN,86905,220606,71.73922233676193,208260.5792624704,191529.93074800092,0.0,82840.90909090909,149727.27272727274,268783.7837837838,675000.0,1350000.0,1.8068744303739435,3.2234049230271355,18098885640.80499
CC_DPD_DEF_MONTH_COUNT,307511,0,0.0,0.25475836636738197,1.8421047005748916,0.0,0.0,0.0,0.0,0.0,94.0,13.693855336764244,298.0261439797975,78341.0
CC_DPD_MONTH_COUNT,307511,0,0.0,0.43615675536810067,3.388240565920279,0.0,0.0,0.0,0.0,1.0,94.0,13.260506943816136,211.98231759214738,134123.0
CC_DPD_MONTH_RATE,86905,220606,71.73922233676193,0.020785264153772767,0.07757879192852646,0.0,0.0,0.0,0.0,0.1111111111111111,0.9894736842105264,6.425202159155039,49.393936205009595,1806.3433812836224
CC_DRAWINGS_CURRENT_MEAN,86905,220606,71.73922233676193,13913.475109054372,26610.582955340928,0.0,0.0,3473.671875,18333.99794117647,56684.709,1125000.0,7.167448580263851,128.27324267683576,1209150554.3523703
CC_DRAWINGS_CURRENT_SUM,307511,0,0.0,78665.93197506755,267722.12285773817,0.0,0.0,0.0,0.0,499437.51749999996,18469299.195,10.334869432035072,297.6942247425165,24190639407.585
CC_MONTHS_BALANCE_OLDEST,86905,220606,71.73922233676193,-37.58450031643749,33.60061813020031,-96.0,-76.0,-22.0,-10.0,-5.0,-1.0,-0.7672243945954994,-1.0714417699900871,-3266281.0
CC_MONTHS_BALANCE_RECENT,86905,220606,71.73922233676193,-1.4979805534779356,0.6927869017826412,-5.0,-2.0,-1.0,-1.0,-1.0,-1.0,-1.3749874536232447,1.6917799361962076,-130182.0
CC_MONTH_COUNT,307511,0,0.0,10.49707164946945,24.507862402587175,0.0,0.0,0.0,7.0,86.0,192.0,2.6178271867908482,5.647511122383494,3227965.0
CC_NEGATIVE_BALANCE_MONTH_COUNT,307511,0,0.0,0.006396519148908495,0.19040440922375992,0.0,0.0,0.0,0.0,0.0,8.0,35.8784549555958,1379.538190355888,1967.0
CC_PAYMENT_CURRENT_MEAN,61060,246451,80.14379973399326,18028.676162633612,28294.123885732817,0.0,4670.159801078403,9808.736420454545,21395.91168710021,58495.673296874986,1125000.0,8.725317070055706,166.80423708917522,1100830966.4904084
CC_PAYMENT_CURRENT_SUM,307511,0,0.0,86829.3888698453,285347.25866220996,0.0,0.0,0.0,0.0,586691.46,19347594.795,9.020125364156666,232.6180657374844,26700992200.754997
CC_PREV_COUNT,307511,0,0.0,0.28438657478919455,0.45509135750431196,0.0,0.0,0.0,1.0,1.0,4.0,1.0144833125168538,-0.793350145448326,87452.0
CC_SK_DPD_DEF_MAX,86905,220606,71.73922233676193,0.780024164317358,23.81450979659323,0.0,0.0,0.0,0.0,1.0,2800.0,98.42033941505196,10194.018129697453,67788.0
CC_SK_DPD_DEF_MEAN,86905,220606,71.73922233676193,0.1268704793583444,10.034009446122353,0.0,0.0,0.0,0.0,0.108695652173913,1309.6,111.87471792908097,13041.734800501958,11025.679008636918
CC_SK_DPD_MAX,86905,220606,71.73922233676193,16.953500949312467,143.56710707964217,0.0,0.0,0.0,0.0,8.0,2831.0,10.514165956667561,118.87943245314561,1473344.0
CC_SK_DPD_MEAN,86905,220606,71.73922233676193,4.209092920368831,44.60227398316356,0.0,0.0,0.0,0.0,0.4848484848484848,1386.9479166666667,13.853989220125095,233.48751308207306,365791.22024465323
CC_TOTAL_RECEIVABLE_MAX,86905,220606,71.73922233676193,143488.4871955008,171674.7912991109,0.0,0.0,96866.37,194503.32,469626.462,1354829.265,1.814770159816944,3.9133066535728385,12469866979.724998
CC_TOTAL_RECEIVABLE_MEAN,86905,220606,71.73922233676193,70985.78897864297,108442.43413434226,-2930.232558139535,0.0,26559.800000000003,97909.02409090912,294370.8698653847,913096.6392857142,2.599095199908812,8.748711841456396,6169019991.188968
CC_UTILIZATION_GT_1_MONTH_COUNT,307511,0,0.0,0.9423792970007577,4.151142735764945,0.0,0.0,0.0,0.0,6.0,92.0,7.531133475011738,75.27832799894847,289792.0
CC_UTILIZATION_GT_1_MONTH_RATE,86905,220606,71.73922233676193,0.09460812700493056,0.17750450099292686,0.0,0.0,0.0,0.1111111111111111,0.5,1.0,2.4227458017555756,5.903136068123938,8221.91927736349
CC_UTILIZATION_MAX,86036,221475,72.02181385381336,0.6310725945229397,0.4820511783285933,0.0,0.0,0.9526391303990127,1.0448203839285715,1.0929586875,11.77751,-0.2350239088629504,1.7902232157370253,54294.96174237564
CC_UTILIZATION_MEAN,86036,221475,72.02181385381336,0.32698070727504175,0.32539625612779977,-0.0848484848484848,0.0,0.25338723263888885,0.5919997596590909,0.9189138496569513,2.138789685393258,0.5573856358339744,-1.0277578776933778,28132.112131115493
CC_ZERO_LIMIT_MONTH_COUNT,307511,0,0.0,2.0472828614260954,10.218391255177638,0.0,0.0,0.0,0.0,10.0,89.0,5.787929664054112,33.051703381981596,629562.0
CC_ZERO_LIMIT_MONTH_RATE,86905,220606,71.73922233676193,0.12045536821485243,0.24914609744807542,0.0,0.0,0.0,0.0,0.7291666666666666,1.0,1.9809248039631857,2.5395292206162403,10468.173774711751
CNT_CHILDREN,307511,0,0.0,0.4170517477423572,0.7221213844376252,0.0,0.0,0.0,1.0,2.0,19.0,1.974604469694792,7.904106358518466,128248.0
CNT_FAM_MEMBERS,307509,2,0.0006503832383231819,2.152665450442101,0.9106815691792972,1.0,2.0,2.0,3.0,4.0,20.0,0.987542813719218,2.8019769805254677,661964.0
CODE_GENDER_UNKNOWN_FLAG,307511,0,0.0,1.3007664766463638e-05,0.003606596437993023,0.0,0.0,0.0,0.0,0.0,1.0,277.26431431081124,76873.99996585472,4.0
COMMONAREA_AVG,92646,214865,69.87229725115525,0.044620715411350736,0.07603574505040936,0.0,0.0078,0.0211,0.0515,0.1601,1.0,5.457305396120232,45.98801696198434,4133.9308
COMMONAREA_MEDI,92646,214865,69.87229725115525,0.04459510178529024,0.07614426224091465,0.0,0.0079,0.0208,0.0513,0.1609,1.0,5.419238452233025,45.26358611792786,4131.5578
COMMONAREA_MODE,92646,214865,69.87229725115525,0.042553137750145714,0.07444452253839155,0.0,0.0072,0.019,0.049,0.1532,1.0,5.620589225272556,48.860991910691546,3942.3779999999997
DAYS_BIRTH,307511,0,0.0,-16036.995066843137,4363.98863178556,-25229.0,-19682.0,-15750.0,-12413.0,-9407.0,-7489.0,-0.11567331170166133,-1.0491257699460343,-4931552390.0
DAYS_EMPLOYED,252137,55374,18.00716071945394,-2384.1693246132063,2338.36016203967,-17912.0,-3175.0,-1648.0,-767.0,-206.0,0.0,-1.9683155310704772,4.752651548074542,-601137301.0
DAYS_EMPLOYED_ANOM_FLAG,307511,0,0.0,0.18007160719453938,0.38424771126230567,0.0,0.0,0.0,0.0,1.0,1.0,1.66523034075399,0.7729971151690189,55374.0
DAYS_ID_PUBLISH,307511,0,0.0,-2994.2023732484367,1509.4504190030232,-7197.0,-4299.0,-3254.0,-1720.0,-375.0,0.0,0.34932749320299783,-1.1068078939970984,-920750166.0
DAYS_LAST_PHONE_CHANGE,307510,1,0.00032519161916159093,-962.8587883320868,826.8084870406566,-4292.0,-1570.0,-757.0,-274.0,0.0,0.0,-0.7136056678591619,-0.30857994139448897,-296088706.0
DAYS_REGISTRATION,307511,0,0.0,-4986.120327538418,3522.8863209630713,-24672.0,-7479.5,-4504.0,-2010.0,-330.0,0.0,-0.5908716157350037,-0.3213466019399345,-1533286848.0416665
DEF_30_CNT_SOCIAL_CIRCLE,306490,1021,0.3320206431639844,0.1434206662533851,0.4466984293815287,0.0,0.0,0.0,0.0,1.0,34.0,5.1835179524202655,126.31244485682747,43957.0
DEF_60_CNT_SOCIAL_CIRCLE,306490,1021,0.3320206431639844,0.10004894123788705,0.3622908039755737,0.0,0.0,0.0,0.0,1.0,24.0,5.277878292698042,86.56285558805332,30664.0
ELEVATORS_AVG,143620,163891,53.29597965601231,0.07894151232418883,0.13457600110034418,0.0,0.0,0.0,0.12,0.36,1.0,2.4394286685624373,7.869390118750012,11337.58
ELEVATORS_MEDI,143620,163891,53.29597965601231,0.07807784431137725,0.13446714769067492,0.0,0.0,0.0,0.12,0.36,1.0,2.4578240835827048,7.96397800494117,11213.54
ELEVATORS_MODE,143620,163891,53.29597965601231,0.07448973610917699,0.13225614415050652,0.0,0.0,0.0,0.1208,0.3222,1.0,2.5522810986823834,8.59794286605391,10698.2159
ENTRANCES_AVG,152683,154828,50.3487680115508,0.1497246700680495,0.10004912076035907,0.0,0.069,0.1379,0.2069,0.3103,1.0,2.3997166974042456,11.593211697239813,22860.4118
ENTRANCES_MEDI,152683,154828,50.3487680115508,0.14921278072869934,0.10036839449763228,0.0,0.069,0.1379,0.2069,0.3103,1.0,2.3877109978106588,11.474066736834054,22782.255
ENTRANCES_MODE,152683,154828,50.3487680115508,0.14519265864569075,0.10097698816024665,0.0,0.069,0.1379,0.2069,0.3103,1.0,2.3923433156059963,11.422457776502647,22168.4507
EXT_SOURCE_1,134133,173378,56.381072546998325,0.5021298056566624,0.21106224927392495,0.0145681324124455,0.3340072886740926,0.5059979305057544,0.6750525982300696,0.8322601465728647,0.962692770561306,-0.06875505870176253,-0.9651552847611127,67352.1772221451
EXT_SOURCE_2,306851,660,0.21462646864665005,0.5143926741308464,0.19106015498493653,8.173616518884397e-08,0.3924574161782719,0.5659614260608526,0.6636170897493769,0.7477341421710526,0.8549996664047012,-0.7935760449637028,-0.26913082990260584,157841.90644972437
EXT_SOURCE_3,246546,60965,19.825307062186393,0.5108529061799657,0.1948443644637488,0.0005272652387098,0.3706496323299817,0.5352762504724826,0.6690566947824041,0.7862666146611379,0.8960095494948396,-0.4093904596160252,-0.6634630539622126,125948.74060704582
FLAG_CONT_MOBILE,307511,0,0.0,0.9981334001060125,0.04316389414243239,0.0,1.0,1.0,1.0,1.0,1.0,-23.081172345547355,530.7439687146295,306937.0
FLAG_DOCUMENT_10,307511,0,0.0,2.276341334131137e-05,0.004771055354069213,0.0,0.0,0.0,0.0,0.0,1.0,209.58905368788848,43925.85711219651,7.0
FLAG_DOCUMENT_11,307511,0,0.0,0.003912055178513939,0.06242406326684518,0.0,0.0,0.0,0.0,0.0,1.0,15.894228775037027,250.6281383965753,1203.0
FLAG_DOCUMENT_12,307511,0,0.0,6.503832383231819e-06,0.0025502570915978662,0.0,0.0,0.0,0.0,0.0,1.0,392.1147791020433,153752.99997398446,2.0
FLAG_DOCUMENT_13,307511,0,0.0,0.003525077151711646,0.05926771807375309,0.0,0.0,0.0,0.0,0.0,1.0,16.753746153720634,278.6898227351608,1084.0
FLAG_DOCUMENT_14,307511,0,0.0,0.0029364803210291664,0.054109767376428794,0.0,0.0,0.0,0.0,0.0,1.0,18.37253333801408,335.55216363142495,903.0
FLAG_DOCUMENT_15,307511,0,0.0,0.0012097128232811183,0.034759938827692606,0.0,0.0,0.0,0.0,0.0,1.0,28.699333086792446,821.6570635464354,372.0
FLAG_DOCUMENT_16,307511,0,0.0,0.009928100133003373,0.09914416233784908,0.0,0.0,0.0,0.0,0.0,1.0,9.886110804249117,95.73580948350683,3053.0
FLAG_DOCUMENT_17,307511,0,0.0,0.0002666571277125046,0.016327488741596615,0.0,0.0,0.0,0.0,0.0,1.0,61.21414027402438,3745.195327610547,82.0
FLAG_DOCUMENT_18,307511,0,0.0,0.008129790479039774,0.08979823610939557,0.0,0.0,0.0,0.0,0.0,1.0,10.95507951813095,118.01453479528313,2500.0
FLAG_DOCUMENT_19,307511,0,0.0,0.0005951006630657115,0.024387465065862264,0.0,0.0,0.0,0.0,0.0,1.0,40.956134313679925,1675.415834543908,183.0
FLAG_DOCUMENT_2,307511,0,0.0,4.2274910491006824e-05,0.006501789045489792,0.0,0.0,0.0,0.0,0.0,1.0,153.79181737639308,23650.076908069892,13.0
FLAG_DOCUMENT_20,307511,0,0.0,0.0005072989258920819,0.02251762026844613,0.0,0.0,0.0,0.0,0.0,1.0,44.36489680146024,1966.256856409192,156.0
FLAG_DOCUMENT_21,307511,0,0.0,0.0003349473677364387,0.01829853182243764,0.0,0.0,0.0,0.0,0.0,1.0,54.61293914066448,2980.5925068559472,103.0
FLAG_DOCUMENT_3,307511,0,0.0,0.7100233812774177,0.4537519684327392,0.0,0.0,1.0,1.0,1.0,1.0,-0.9257248975408139,-1.143040848261434,218340.0
FLAG_DOCUMENT_4,307511,0,0.0,8.129790479039775e-05,0.00901618321655089,0.0,0.0,0.0,0.0,0.0,1.0,110.89436438827012,12295.640021860136,25.0
FLAG_DOCUMENT_5,307511,0,0.0,0.015114906458630749,0.12201022281354128,0.0,0.0,0.0,0.0,0.0,1.0,7.94832164046238,61.17621478004706,4648.0
FLAG_DOCUMENT_6,307511,0,0.0,0.0880553866365756,0.2833758928629899,0.0,0.0,0.0,0.0,1.0,1.0,2.9074265170378446,6.453170922274535,27078.0
FLAG_DOCUMENT_7,307511,0,0.0,0.00019186305530533867,0.01385015767701742,0.0,0.0,0.0,0.0,0.0,1.0,72.17410794731333,5207.135724328347,59.0
FLAG_DOCUMENT_8,307511,0,0.0,0.08137595077899652,0.27341204894451304,0.0,0.0,0.0,0.0,1.0,1.0,3.0622408450208147,7.377366974029726,25024.0
FLAG_DOCUMENT_9,307511,0,0.0,0.00389579559755586,0.062294710800393685,0.0,0.0,0.0,0.0,0.0,1.0,15.927754527720971,251.6950012773936,1198.0
FLAG_EMAIL,307511,0,0.0,0.0567199222141647,0.23130703972270758,0.0,0.0,0.0,0.0,1.0,1.0,3.8328531752022883,12.690846001751169,17442.0
FLAG_EMP_PHONE,307511,0,0.0,0.8198893698111612,0.3842801989387643,0.0,1.0,1.0,1.0,1.0,1.0,-1.6648864615712877,0.7718519498767713,252125.0
FLAG_MOBIL,307511,0,0.0,0.9999967480838083,0.001803307015351493,0.0,1.0,1.0,1.0,1.0,1.0,-554.5367435977528,307510.99999999994,307510.0
FLAG_PHONE,307511,0,0.0,0.28106636835755466,0.44952054685675835,0.0,0.0,0.0,1.0,1.0,1.0,0.9740825289977859,-1.0511700633774763,86431.0
FLAG_WORK_PHONE,307511,0,0.0,0.1993684778755882,0.3995262281502265,0.0,0.0,0.0,0.0,1.0,1.0,1.5049498942087771,0.26487590674521,61308.0
FLOORSMAX_AVG,154491,153020,49.76082156410665,0.22628190703665582,0.144640699548004,0.0,0.1667,0.1667,0.3333,0.4792,1.0,1.226453556015356,2.4325451531731037,34958.518099999994
FLOORSMAX_MEDI,154491,153020,49.76082156410665,0.22589659009262678,0.14506702591935142,0.0,0.1667,0.1667,0.3333,0.4792,1.0,1.2401854976388538,2.468554650747402,34898.9901
FLOORSMAX_MODE,154491,153020,49.76082156410665,0.2223150474784939,0.14370940659531573,0.0,0.1667,0.1667,0.3333,0.4583,1.0,1.2443425001895434,2.535687486366017,34345.674
FLOORSMIN_AVG,98869,208642,67.84862980511267,0.2318935004905481,0.1613802888001374,0.0,0.0833,0.2083,0.375,0.5,1.0,0.9541972815367739,1.33825581745075,22927.0785
FLOORSMIN_MEDI,98869,208642,67.84862980511267,0.23162493804933804,0.16193354145715616,0.0,0.0833,0.2083,0.375,0.5,1.0,0.9602264549841373,1.346573932592416,22900.526
FLOORSMIN_MODE,98869,208642,67.84862980511267,0.22805849255074895,0.16115977149547595,0.0,0.0833,0.2083,0.375,0.5,1.0,0.963834755018831,1.3537255903892857,22547.9151
HAS_BUREAU_BALANCE_HISTORY,307511,0,0.0,0.29992748226892696,0.45822665838973664,0.0,0.0,0.0,1.0,1.0,1.0,0.8732526373770539,-1.2374378794448724,92231.0
HAS_BUREAU_HISTORY,307511,0,0.0,0.8568506492450677,0.3502256601206603,0.0,1.0,1.0,1.0,1.0,1.0,-2.0378459421507116,2.15283008554385,263491.0
HAS_CREDIT_CARD_HISTORY,307511,0,0.0,0.2826077766323806,0.4502680096530686,0.0,0.0,0.0,1.0,1.0,1.0,0.9656188429948596,-1.0675871935037298,86905.0
HAS_INSTALLMENT_HISTORY,307511,0,0.0,0.9483985938714388,0.2212212922826107,0.0,1.0,1.0,1.0,1.0,1.0,-4.0538729845847525,14.433980051290671,291643.0
HAS_POS_CASH_HISTORY,307511,0,0.0,0.9412476301660754,0.23516102718369905,0.0,1.0,1.0,1.0,1.0,1.0,-3.752751935725113,12.083225678320744,289444.0
HAS_PREVIOUS_APPLICATION,307511,0,0.0,0.9464929709831518,0.22504264385512554,0.0,1.0,1.0,1.0,1.0,1.0,-3.968100154430464,13.745908236631916,291057.0
HOUR_APPR_PROCESS_START,307511,0,0.0,12.063418869568894,3.265832255437871,0.0,10.0,12.0,14.0,17.0,23.0,-0.02802445946067512,-0.1941728655304189,3709634.0
INST_AMT_INSTALMENT_MEAN,291643,15868,5.160140612856125,18392.6114987398,23337.97227908364,0.0,7799.513275862068,12572.652,21376.135868055557,50687.889520559205,2504589.66,18.637978032737646,1117.1086666019237,5364076395.326971
INST_AMT_INSTALMENT_SUM,307511,0,0.0,637718.256407722,869896.0514612475,0.0,114704.505,298091.745,796416.9075,2446993.1925,23274726.93,2.8553275679162686,13.005337442872374,196105378746.195
INST_AMT_PAYMENT_MEAN,291635,15876,5.162742145809418,18754.310244850072,25105.356121809935,0.189,7478.370187500001,12225.755769230767,21352.864652406417,54119.307016483515,2504589.66,16.098524142724084,850.0679216021579,5469413268.256851
INST_AMT_PAYMENT_SUM,307511,0,0.0,643569.4045556257,904757.8156460937,0.0,111472.5375,289330.02,786505.1625000001,2530560.825,25537053.78,2.9713049429217095,14.23478677014143,197904671164.30502
INST_DAYS_EARLY_POSITIVE_MEAN,291635,15876,5.162742145809418,12.267749865547557,9.142992816800476,0.0,6.6751623376623375,10.12162162162162,15.142857142857142,28.2,295.0,3.6384377192113346,35.626228932955414,3577705.2320389617
INST_DAYS_LATE_POSITIVE_MAX,291635,15876,5.162742145809418,18.375555060263686,110.653461888813,0.0,0.0,1.0,9.0,35.0,2884.0,13.212138552345827,210.16632945730873,5358955.0
INST_DAYS_LATE_POSITIVE_MEAN,291635,15876,5.162742145809418,1.0660101588875572,9.10467381677396,0.0,0.0,0.0384615384615384,0.5185185185185185,3.6,1885.386363636364,80.3207980374799,11769.100010072483,310885.8726871728
INST_DAYS_LATE_POSITIVE_SUM,307511,0,0.0,40.43435194188175,328.4002415915308,0.0,0.0,1.0,19.0,158.0,82957.0,104.67641075289471,19302.76326754294,12434008.0
INST_LATE_PAYMENT_COUNT,307511,0,0.0,3.2311982335591245,6.275392884361928,0.0,0.0,1.0,4.0,15.0,159.0,3.9062073734073874,25.042612734213026,993629.0
INST_LATE_PAYMENT_RATE,291643,15868,5.160140612856125,0.07579195493942635,0.11602966896505504,0.0,0.0,0.0185185185185185,0.1111111111111111,0.3291139240506329,1.0,2.1673006270659103,5.956217787865693,22104.19311439912
INST_PAYMENT_COUNT,307511,0,0.0,37.69488571140545,40.63635711265469,0.0,11.0,23.0,48.0,128.0,372.0,1.9983414650997355,4.47159212055643,11591592.0
INST_PAYMENT_MISSING_COUNT,307511,0,0.0,0.008399699522943895,0.2657989770708972,0.0,0.0,0.0,0.0,0.0,57.0,104.91690038309378,16181.472429896405,2583.0
INST_PAYMENT_RATIO_MEAN,291632,15879,5.163717720666903,1.3829745935896318,30.17896588878728,0.3333333333333333,0.953846153846154,1.0,1.0,1.2480591600489968,8482.446154543808,159.9076506817087,32788.91348524802,403319.64667773154
INST_PAYMENT_RATIO_MIN,291632,15879,5.163717720666903,0.5958911931779198,0.47220382024002067,0.0,0.014444363973272974,1.0,1.0,1.0,1.6004950864800846,-0.3420360841162135,-1.8398700108288348,173780.9404488631
INST_PREV_COUNT,307511,0,0.0,2.775003170618287,2.090419490196492,0.0,1.0,2.0,4.0,7.0,26.0,1.5365219629175244,3.831777690746754,853344.0
INST_TOTAL_PAYMENT_RATIO,291640,15871,5.16111618771361,0.9918214642020683,0.13624783533012555,0.0,0.961237986516146,1.0,1.0,1.2243287702177428,5.48514101952473,2.0865827517325983,14.457935696839446,289254.8118198912
INST_UNDERPAYMENT_COUNT,307511,0,0.0,3.641824194906849,7.853042440720183,0.0,0.0,0.0,4.0,18.0,154.0,4.106073461506057,25.8039509752718,1119901.0
INST_UNDERPAYMENT_RATE,291643,15868,5.160140612856125,0.08398296904171938,0.14998734112282067,0.0,0.0,0.0,0.109090909090909,0.4210526315789473,1.0,2.3848282754007752,6.109985605437355,24493.045040234167
IS_TRAIN,307511,0,0.0,1.0,0.0,1.0,1.0,1.0,1.0,1.0,1.0,0.0,0.0,307511.0
LANDAREA_AVG,124921,182590,59.376737742714894,0.06633318417239695,0.08118364070179358,0.0,0.0187,0.0481,0.0856,0.1947,1.0,4.458676640750081,34.74479054144571,8286.4077
LANDAREA_MEDI,124921,182590,59.376737742714894,0.06716874904939922,0.08216701028007205,0.0,0.0187,0.0487,0.0868,0.1976,1.0,4.3682923191800445,33.23797701470323,8390.7873
LANDAREA_MODE,124921,182590,59.376737742714894,0.06495768445657656,0.08175027780843543,0.0,0.0166,0.0458,0.0841,0.1956,1.0,4.377026549681161,33.2732701030747,8114.5788999999995
LIVE_CITY_NOT_WORK_CITY,307511,0,0.0,0.17955455252007246,0.38381661538559586,0.0,0.0,0.0,0.0,1.0,1.0,1.6697949946488255,0.7882204505656651,55215.0
LIVE_REGION_NOT_WORK_REGION,307511,0,0.0,0.04065870814377372,0.19749861882842365,0.0,0.0,0.0,0.0,0.0,1.0,4.65162016908563,19.63769791769759,12503.0
LIVINGAPARTMENTS_AVG,97312,210199,68.35495315614726,0.10077477495067412,0.0925761339604974,0.0,0.0504,0.0756,0.121,0.2723,1.0,3.042198061393282,16.490629995238653,9806.5949
LIVINGAPARTMENTS_MEDI,97312,210199,68.35495315614726,0.1019544732407103,0.09364233271153832,0.0,0.0513,0.0761,0.1231,0.277,1.0,2.9882914448561615,15.697053096115166,9921.3937
LIVINGAPARTMENTS_MODE,97312,210199,68.35495315614726,0.10564485674942452,0.09788044657879372,0.0,0.0542,0.0771,0.1313,0.2948,1.0,2.902671828936423,14.224993944167604,10280.512299999999
LIVINGAREA_AVG,153161,154350,50.193326417591564,0.10739901933259771,0.11056452318371336,0.0,0.0453,0.0745,0.1299,0.3205,1.0,2.85473644632105,12.331174197844902,16449.3412
LIVINGAREA_MEDI,153161,154350,50.193326417591564,0.10860673604899419,0.11226025867534761,0.0,0.0457,0.0749,0.1303,0.3255,1.0,2.84893537121163,12.138561231946571,16634.3163
LIVINGAREA_MODE,153161,154350,50.193326417591564,0.10597505043712172,0.11184526587783379,0.0,0.0427,0.0731,0.1252,0.3229999999999999,1.0,2.9024911269667686,12.459061860591635,16231.2447
NONLIVINGAPARTMENTS_AVG,93997,213514,69.43296337366793,0.008808672617211188,0.04773166205034794,0.0,0.0,0.0,0.0039,0.0309,1.0,15.54118547681354,284.7303364742677,827.9888000000001
NONLIVINGAPARTMENTS_MEDI,93997,213514,69.43296337366793,0.008651013330212667,0.04741472790780269,0.0,0.0,0.0,0.0039,0.0311,1.0,15.671995157824549,289.49245478571777,813.1693
NONLIVINGAPARTMENTS_MODE,93997,213514,69.43296337366793,0.008076387544283328,0.046276266219835646,0.0,0.0,0.0,0.0039,0.0272,1.0,16.251819241589054,309.72694746131145,759.1562
NONLIVINGAREA_AVG,137829,169682,55.17916432257708,0.02835775707579682,0.06952318332123605,0.0,0.0,0.0036,0.0277,0.1279,1.0,6.559011647197607,64.91241640797908,3908.5213
NONLIVINGAREA_MEDI,137829,169682,55.17916432257708,0.02823592059726182,0.07016648150682482,0.0,0.0,0.0031,0.0266,0.1295,1.0,6.508830983416643,63.654035193281096,3891.7286999999997
NONLIVINGAREA_MODE,137829,169682,55.17916432257708,0.027022319685987714,0.07025385904394456,0.0,0.0,0.0011,0.0231,0.1294,1.0,6.522450898549667,63.35707261365652,3724.4593000000004
OBS_30_CNT_SOCIAL_CIRCLE,306490,1021,0.3320206431639844,1.4222454239942575,2.400988746109008,0.0,0.0,0.0,2.0,6.0,348.0,12.13959776486944,1424.8155517207313,435904.0
OBS_60_CNT_SOCIAL_CIRCLE,306490,1021,0.3320206431639844,1.4052921791901856,2.3798033519793806,0.0,0.0,0.0,2.0,6.0,344.0,12.070828697697406,1409.7045568880412,430708.0
OWN_CAR_AGE,104582,202929,65.9908100848425,12.061090818687727,11.94481158224276,0.0,5.0,9.0,15.0,30.0,91.0,2.745422130868457,9.214945323055364,1261373.0
POS_ACTIVE_MONTH_COUNT,307511,0,0.0,25.425357141695745,22.749737847461667,0.0,10.0,19.0,35.0,71.0,271.0,1.7810461188859035,4.525444191976434,7818577.0
POS_CNT_INSTALMENT_FUTURE_MEAN,289420,18091,5.883041582252342,9.178496837012332,6.532598693786712,0.0,5.0,6.95,11.674488652283552,22.5,60.0,1.9205889268106822,5.168992792642006,2656440.554568109
POS_CNT_INSTALMENT_FUTURE_MIN,289420,18091,5.883041582252342,0.5635305092944509,2.765748102435567,0.0,0.0,0.0,0.0,3.0,60.0,8.527810611114838,102.33387401505311,163097.0
POS_CNT_INSTALMENT_MAX,289420,18091,5.883041582252342,20.426173035726627,13.949578260279116,1.0,12.0,12.0,24.0,48.0,84.0,1.3048593899998011,0.9646726194876027,5911743.0
POS_CNT_INSTALMENT_MEAN,289420,18091,5.883041582252342,14.639774234755345,7.967733821914131,1.0,9.625,12.0,18.55555555555556,30.266713615023463,72.0,1.499464446833876,3.0417948558289014,4237043.459022892
POS_COMPLETED_MONTH_COUNT,307511,0,0.0,2.064550536403576,3.0866907558038235,0.0,1.0,1.0,3.0,5.0,85.0,11.538907468092827,186.1437847050451,634872.0
POS_DEMAND_MONTH_COUNT,307511,0,0.0,0.01986920793077321,1.0191758378421096,0.0,0.0,0.0,0.0,0.0,134.0,66.63110234018478,5176.889229420252,6110.0
POS_DPD_DEF_MONTH_COUNT,307511,0,0.0,0.3222974137510528,1.5277846888511677,0.0,0.0,0.0,0.0,2.0,120.0,25.68760650286045,1353.3062684787346,99110.0
POS_DPD_DEF_MONTH_RATE,289444,18067,5.8752369833924645,0.010186922218273806,0.03999584535061906,0.0,0.0,0.0,0.0,0.0666666666666666,1.0,7.541894107843194,85.43330962655685,2948.5435145460438
POS_DPD_MONTH_COUNT,307511,0,0.0,0.8425942486610235,4.736890871035625,0.0,0.0,0.0,0.0,4.0,120.0,13.215879667513676,213.13188762422664,259107.0
POS_DPD_MONTH_RATE,289444,18067,5.8752369833924645,0.0216414605286145,0.07992705868819418,0.0,0.0,0.0,0.0,0.1219512195121951,1.0,6.5832746465212395,54.10440482708115,6263.990901244296
POS_FUTURE_GT_TOTAL_COUNT,307511,0,0.0,0.0209098211120903,0.23857967698172514,0.0,0.0,0.0,0.0,0.0,10.0,16.793535228348357,372.27977388176595,6430.0
POS_MONTHS_BALANCE_OLDEST,289444,18067,5.8752369833924645,-52.703341579027374,29.610499799787338,-96.0,-81.0,-51.0,-25.0,-10.0,-1.0,-0.04172792041534486,-1.4265475629465334,-15254666.0
POS_MONTHS_BALANCE_RECENT,289444,18067,5.8752369833924645,-12.560709498210361,18.66288767927002,-96.0,-15.0,-4.0,-2.0,-1.0,-1.0,-2.2933073967846385,4.9259362129756035,-3635622.0
POS_MONTH_COUNT,307511,0,0.0,27.782339493546573,24.580154232219076,0.0,11.0,21.0,38.0,77.0,295.0,1.7783891883294456,4.470624337594125,8543375.0
POS_PREV_COUNT,307511,0,0.0,2.602628849049302,2.012463874123048,0.0,1.0,2.0,3.0,6.0,26.0,1.644130087246643,4.434882454627606,800337.0
POS_SK_DPD_DEF_MAX,289444,18067,5.8752369833924645,1.46882989455646,30.60958589556058,0.0,0.0,0.0,0.0,8.0,3373.0,86.70120914243289,8092.366407091562,425144.0
POS_SK_DPD_DEF_MEAN,289444,18067,5.8752369833924645,0.21486322487840506,12.926304880318103,0.0,0.0,0.0,0.0,0.3555555555555555,1740.5544554455446,102.19833608584774,11181.884326009003,62190.87126170508
POS_SK_DPD_MAX,289444,18067,5.8752369833924645,15.69764444935808,153.16924603468092,0.0,0.0,0.0,0.0,18.0,4231.0,14.748727064728193,246.61007382044238,4543589.0
POS_SK_DPD_MEAN,289444,18067,5.8752369833924645,4.406493281207455,60.38837180294773,0.0,0.0,0.0,0.0,1.15,2622.078431372549,20.12565902574853,479.32561163499423,1275433.0412858105
PREV_AMT_ANNUITY_MEAN,290640,16871,5.486307806875201,14532.052780870163,10007.483471519217,0.0,7835.9671875,11984.355,18330.3135,33068.810999999994,300425.445,2.531858529285752,15.980501976795823,4223595820.232104
PREV_AMT_APPLICATION_MAX,291057,16454,5.350702901684818,374590.46584210306,421995.1349588207,0.0,98311.5,202500.0,454500.0,1282500.0,5850000.0,2.1105455308709207,5.686979352671578,109027177216.605
PREV_AMT_APPLICATION_MEAN,291057,16454,5.350702901684818,154005.48642273116,153287.83105431646,0.0,61925.7375,106002.0,191250.0,441000.0,4050000.0,3.588029282948861,27.50991508002771,44824374861.74087
PREV_AMT_APPLICATION_SUM,307511,0,0.0,805636.3631633829,1323039.7219801864,0.0,124087.5,343098.0,949500.0,3058587.45,37973713.5,5.265598993250498,55.11949244446348,247742043672.73502
PREV_AMT_CREDIT_MAX,291057,16454,5.350702901684818,413865.56654232676,457538.3826657058,0.0,104431.5,225000.0,547344.0,1350000.0,4509688.5,2.0005300445965526,5.0273168890167685,120458470201.11
PREV_AMT_CREDIT_MEAN,291057,16454,5.350702901684818,170070.01881090883,165737.17839751835,0.0,66849.42857142857,117450.0,216072.0,480402.30000000005,4050000.0,3.293910890486248,23.119730817117706,49500069465.04669
PREV_AMT_CREDIT_SUM,307511,0,0.0,902685.6650556728,1462142.0244566707,0.0,130918.5,383778.0,1090626.75,3404713.5,41461128.0,5.0770192971464505,50.975560793499355,277585771546.935
PREV_APPROVAL_RATE,291057,16454,5.350702901684818,0.7488553255770103,0.26233181248915693,0.0,0.5,0.8,1.0,1.0,1.0,-0.5784797348096689,-0.8785558849532982,217959.58449646787
PREV_APPROVED_COUNT,307511,0,0.0,2.881519685474666,2.1775542861771386,0.0,1.0,2.0,4.0,7.0,27.0,1.4710199280460232,3.5070588210800855,886099.0
PREV_APP_COUNT,307511,0,0.0,4.597237172003603,4.18001497155669,0.0,2.0,3.0,6.0,13.0,73.0,2.239947849399231,9.98787223521336,1413701.0
PREV_CANCELED_COUNT,307511,0,0.0,0.8436803886690232,1.6422874640204188,0.0,0.0,0.0,1.0,4.0,58.0,3.914220107455382,37.095116661481676,259441.0
PREV_CANCELED_RATE,291057,16454,5.350702901684818,0.12513243806921232,0.18696560931462972,0.0,0.0,0.0,0.25,0.5,1.0,1.338319712670065,0.8474528734281588,36420.672027110726
PREV_CREDIT_APPLICATION_RATIO_MEAN,290042,17469,5.6807723951338325,1.018117832542118,0.10362075503022271,0.2,0.9727882665982318,1.0209517219991842,1.0768892517794282,1.1607065477427108,10.18,3.4129443560834725,275.77959136177014,295296.932386181
PREV_DAYS_DECISION_MEAN,291057,16454,5.350702901684818,-919.5741567654009,577.7659366505625,-2922.0,-1247.0,-789.0,-466.8,-232.0,-2.0,-0.9893793771488435,0.5646984348548147,-267648495.34566727
PREV_DAYS_DECISION_OLDEST,291057,16454,5.350702901684818,-1539.8220760881889,864.664261709607,-2922.0,-2391.0,-1503.0,-725.0,-305.0,-2.0,-0.05045906105313277,-1.414888736270003,-448175994.0
PREV_DAYS_DECISION_RECENT,291057,16454,5.350702901684818,-480.8168193858935,540.1860885259887,-2922.0,-595.0,-299.0,-147.0,-22.0,-1.0,-2.2244217558780432,5.132399026154216,-139945101.0
PREV_DAYS_FIRST_DRAWING_365243_FLAG_COUNT,307511,0,0.0,2.5985867172231236,2.0086063613289795,0.0,1.0,2.0,4.0,6.0,25.0,1.5611194657192997,3.9617470461346995,799094.0
PREV_DAYS_FIRST_DUE_365243_FLAG_COUNT,307511,0,0.0,0.11044157769965952,0.3230350964920393,0.0,0.0,0.0,0.0,1.0,4.0,2.7669484369386588,6.813089193052096,33962.0
PREV_DAYS_LAST_DUE_1ST_VERSION_365243_FLAG_COUNT,307511,0,0.0,0.2572233188406268,0.4401291590411163,0.0,0.0,0.0,1.0,1.0,4.0,1.1590575881006324,-0.5018245156989956,79099.0
PREV_DAYS_LAST_DUE_365243_FLAG_COUNT,307511,0,0.0,0.5879204321146235,0.7308472594309827,0.0,0.0,0.0,1.0,2.0,5.0,1.06657442494087,0.6439791550531617,180792.0
PREV_DAYS_TERMINATION_365243_FLAG_COUNT,307511,0,0.0,0.6308717411734864,0.7437924134320187,0.0,0.0,0.0,1.0,2.0,5.0,0.9775534648027682,0.45819461935526373,194000.0
PREV_REFUSAL_RATE,291057,16454,5.350702901684818,0.11090162051012163,0.18434836241396507,0.0,0.0,0.0,0.2,0.5,1.0,1.7247736200011046,2.447942843530683,32278.69296081447
PREV_REFUSED_COUNT,307511,0,0.0,0.7979877142606281,1.7748434435527698,0.0,0.0,0.0,1.0,4.0,68.0,4.997292573626185,53.06441871158689,245390.0
PREV_UNUSED_OFFER_COUNT,307511,0,0.0,0.07404938359928588,0.3181338338544347,0.0,0.0,0.0,0.0,1.0,16.0,6.0502278148099675,68.94757093457095,22771.0
PREV_ZERO_APPLICATION_COUNT,307511,0,0.0,1.0578548409650386,1.842122997891113,0.0,0.0,0.0,1.0,5.0,59.0,3.909300697886144,38.2138273201806,325302.0
PREV_ZERO_CREDIT_COUNT,307511,0,0.0,0.8994084764447451,1.7621866953336611,0.0,0.0,0.0,1.0,4.0,59.0,4.261146692135224,44.61044588854611,276578.0
REGION_POPULATION_RELATIVE,307511,0,0.0,0.020868112057780035,0.013831280122704704,0.00029,0.010006,0.01885,0.028663,0.04622,0.072508,1.4880085207077653,3.2600653343110464,6417.174006999997
REGION_RATING_CLIENT,307511,0,0.0,2.0524631639193394,0.50903390281568,1.0,2.0,2.0,2.0,3.0,3.0,0.08746834970932345,0.800416437469937,631155.0
REGION_RATING_CLIENT_W_CITY,307511,0,0.0,2.031520823645333,0.5027370329147687,1.0,2.0,2.0,2.0,3.0,3.0,0.059729812149467286,0.9335838303405777,624715.0
REG_CITY_NOT_LIVE_CITY,307511,0,0.0,0.07817281333025486,0.26844377237340455,0.0,0.0,0.0,0.0,1.0,1.0,3.1427805268221376,7.87712067120265,24039.0
REG_CITY_NOT_WORK_CITY,307511,0,0.0,0.23045354475124466,0.4211238359138973,0.0,0.0,0.0,0.0,1.0,1.0,1.2801375052075334,-0.3612503173148438,70867.0
REG_REGION_NOT_LIVE_REGION,307511,0,0.0,0.015144173704355291,0.12212647628215205,0.0,0.0,0.0,0.0,0.0,1.0,7.940276252906794,61.04838402089024,4657.0
REG_REGION_NOT_WORK_REGION,307511,0,0.0,0.05076891558350758,0.21952582879696064,0.0,0.0,0.0,0.0,1.0,1.0,4.092766747503462,14.750835586389943,15612.0
SK_ID_CURR,307511,0,0.0,278180.51857657125,102790.17534842459,100002.0,189145.5,278202.0,367142.5,438427.5,456255.0,-0.0012002350768208576,-1.1989877778996432,85543569448.0
TARGET,307511,0,0.0,0.08072881945686496,0.27241864564839396,0.0,0.0,0.0,0.0,1.0,1.0,3.0781586659196676,7.475109389392572,24825.0
TOTALAREA_MODE,159080,148431,48.26851722377411,0.1025466626854413,0.10746232414961877,0.0,0.0412,0.0688,0.1276,0.3092,1.0,2.7975715203286953,12.167529977595278,16313.1231
YEARS_BEGINEXPLUATATION_AVG,157504,150007,48.781019215572776,0.9777348581623325,0.05922331435836282,0.0,0.9767,0.9816,0.9866,0.996,1.0,-15.515264466273848,248.17633676895173,153997.15110000002
YEARS_BEGINEXPLUATATION_MEDI,157504,150007,48.781019215572776,0.9777522640694839,0.05989731850511965,0.0,0.9767,0.9816,0.9866,0.996,1.0,-15.573124273878927,248.39652202991454,153999.8926
YEARS_BEGINEXPLUATATION_MODE,157504,150007,48.781019215572776,0.9770653729429093,0.06457543708048018,0.0,0.9767,0.9816,0.9866,0.996,1.0,-14.755317839129784,219.96276580430975,153891.7045
YEARS_BUILD_AVG,103023,204488,66.49778381911543,0.7524714325927221,0.11327992663224716,0.0,0.6872,0.7552,0.8232,0.9524,1.0,-0.9624852035905682,4.399757248829239,77521.8644
YEARS_BUILD_MEDI,103023,204488,66.49778381911543,0.7557462721916466,0.11206630964404388,0.0,0.6914,0.7585,0.8256,0.953,1.0,-0.9627843224572195,4.468810703213849,77859.2482
YEARS_BUILD_MODE,103023,204488,66.49778381911543,0.7596373227337585,0.11011102734194828,0.0,0.6994,0.7648,0.8236,0.9543,1.0,-1.0023049025556343,4.764473708694371,78260.1159
